{
    "collection-0": {
        "path": [
            [
                [
                    -0.5,
                    -0.5
                ],
                [
                    0.5,
                    -0.5
                ],
                [
                    0.5,
                    0.5
                ],
                [
                    -0.5,
                    0.5
                ],
                [
                    -0.5,
                    -0.5
                ]
            ]
        ],
        "size": [
            3434.785991797339,
            14886.805626912634
        ],
        "offset": [
            [
                1.4647517845750957,
                1.2678732367103955
            ],
            [
                0.329977258260036,
                0.3832261674907984
            ]
        ]
    }
}