{
    "line-0": [
        [
            0.0,
            2.0
        ],
        [
            0.0,
            2.479425538604203
        ],
        [
            1.0,
            2.479425538604203
        ],
        [
            1.0,
            2.8414709848078967
        ],
        [
            2.0,
            2.8414709848078967
        ],
        [
            2.0,
            2.9974949866040546
        ],
        [
            3.0,
            2.9974949866040546
        ],
        [
            3.0,
            2.909297426825682
        ],
        [
            4.0,
            2.909297426825682
        ],
        [
            4.0,
            2.5984721441039564
        ],
        [
            5.0,
            2.5984721441039564
        ],
        [
            5.0,
            2.1411200080598674
        ],
        [
            6.0,
            2.1411200080598674
        ],
        [
            6.0,
            1.64921677231038
        ],
        [
            7.0,
            1.64921677231038
        ],
        [
            7.0,
            1.2431975046920718
        ],
        [
            8.0,
            1.2431975046920718
        ],
        [
            8.0,
            1.022469882334903
        ],
        [
            9.0,
            1.022469882334903
        ],
        [
            9.0,
            1.0410757253368614
        ],
        [
            10.0,
            1.0410757253368614
        ],
        [
            10.0,
            1.294459674429608
        ],
        [
            11.0,
            1.294459674429608
        ],
        [
            11.0,
            1.7205845018010741
        ],
        [
            12.0,
            1.7205845018010741
        ],
        [
            12.0,
            2.2151199880878156
        ],
        [
            13.0,
            2.2151199880878156
        ]
    ],
    "line-1": [
        [
            0.0,
            2.0
        ],
        [
            1.0,
            2.479425538604203
        ],
        [
            2.0,
            2.8414709848078967
        ],
        [
            3.0,
            2.9974949866040546
        ],
        [
            4.0,
            2.909297426825682
        ],
        [
            5.0,
            2.5984721441039564
        ],
        [
            6.0,
            2.1411200080598674
        ],
        [
            7.0,
            1.64921677231038
        ],
        [
            8.0,
            1.2431975046920718
        ],
        [
            9.0,
            1.022469882334903
        ],
        [
            10.0,
            1.0410757253368614
        ],
        [
            11.0,
            1.294459674429608
        ],
        [
            12.0,
            1.7205845018010741
        ],
        [
            13.0,
            2.2151199880878156
        ]
    ],
    "line-2": [
        [
            0.0,
            1.0
        ],
        [
            0.5,
            1.0
        ],
        [
            0.5,
            1.479425538604203
        ],
        [
            1.5,
            1.479425538604203
        ],
        [
            1.5,
            1.8414709848078965
        ],
        [
            2.5,
            1.8414709848078965
        ],
        [
            2.5,
            1.9974949866040546
        ],
        [
            3.5,
            1.9974949866040546
        ],
        [
            3.5,
            1.9092974268256817
        ],
        [
            4.5,
            1.9092974268256817
        ],
        [
            4.5,
            1.5984721441039564
        ],
        [
            5.5,
            1.5984721441039564
        ],
        [
            5.5,
            1.1411200080598671
        ],
        [
            6.5,
            1.1411200080598671
        ],
        [
            6.5,
            0.6492167723103801
        ],
        [
            7.5,
            0.6492167723103801
        ],
        [
            7.5,
            0.2431975046920718
        ],
        [
            8.5,
            0.2431975046920718
        ],
        [
            8.5,
            0.02246988233490299
        ],
        [
            9.5,
            0.02246988233490299
        ],
        [
            9.5,
            0.041075725336861546
        ],
        [
            10.5,
            0.041075725336861546
        ],
        [
            10.5,
            0.2944596744296081
        ],
        [
            11.5,
            0.2944596744296081
        ],
        [
            11.5,
            0.7205845018010741
        ],
        [
            12.5,
            0.7205845018010741
        ],
        [
            12.5,
            1.2151199880878156
        ],
        [
            13.0,
            1.2151199880878156
        ]
    ],
    "line-3": [
        [
            0.0,
            1.0
        ],
        [
            1.0,
            1.479425538604203
        ],
        [
            2.0,
            1.8414709848078965
        ],
        [
            3.0,
            1.9974949866040546
        ],
        [
            4.0,
            1.9092974268256817
        ],
        [
            5.0,
            1.5984721441039564
        ],
        [
            6.0,
            1.1411200080598671
        ],
        [
            7.0,
            0.6492167723103801
        ],
        [
            8.0,
            0.2431975046920718
        ],
        [
            9.0,
            0.02246988233490299
        ],
        [
            10.0,
            0.041075725336861546
        ],
        [
            11.0,
            0.2944596744296081
        ],
        [
            12.0,
            0.7205845018010741
        ],
        [
            13.0,
            1.2151199880878156
        ]
    ],
    "line-4": [
        [
            0.0,
            0.0
        ],
        [
            1.0,
            0.0
        ],
        [
            1.0,
            0.479425538604203
        ],
        [
            2.0,
            0.479425538604203
        ],
        [
            2.0,
            0.8414709848078965
        ],
        [
            3.0,
            0.8414709848078965
        ],
        [
            3.0,
            0.9974949866040544
        ],
        [
            4.0,
            0.9974949866040544
        ],
        [
            4.0,
            0.9092974268256817
        ],
        [
            5.0,
            0.9092974268256817
        ],
        [
            5.0,
            0.5984721441039565
        ],
        [
            6.0,
            0.5984721441039565
        ],
        [
            6.0,
            0.1411200080598672
        ],
        [
            7.0,
            0.1411200080598672
        ],
        [
            7.0,
            -0.35078322768961984
        ],
        [
            8.0,
            -0.35078322768961984
        ],
        [
            8.0,
            -0.7568024953079282
        ],
        [
            9.0,
            -0.7568024953079282
        ],
        [
            9.0,
            -0.977530117665097
        ],
        [
            10.0,
            -0.977530117665097
        ],
        [
            10.0,
            -0.9589242746631385
        ],
        [
            11.0,
            -0.9589242746631385
        ],
        [
            11.0,
            -0.7055403255703919
        ],
        [
            12.0,
            -0.7055403255703919
        ],
        [
            12.0,
            -0.27941549819892586
        ],
        [
            13.0,
            -0.27941549819892586
        ],
        [
            13.0,
            0.21511998808781552
        ]
    ],